Feature,Contribution
dl_bitrate > 0.58,0.024636965671266123
cell_x_dl_tx > 0.48,-0.02360707583550144
0.00 < cell_x_ul_tx <= 0.17,-0.011072969163382566
0.00 < cell_x_ul_retx <= 0.23,-0.00993862429359293
cell_x_dl_retx > 0.39,-0.007815281997928135
ul_total_bytes_non_incr <= -0.61,-0.007159001606279661
-0.11 < ul_bitrate <= 0.04,0.0046293813843312406
dl_total_bytes_non_incr <= -0.59,0.0014499204112731656
