Feature,Contribution
cell_x_dl_tx > 0.48,-0.02043567887947235
cell_x_ul_retx > 0.23,0.01903242593240259
cell_x_ul_tx > 0.17,0.017471279606774654
cell_x_dl_retx <= -0.45,0.01559949822195844
dl_bitrate <= -0.60,-0.013476511551215271
ul_bitrate > 0.04,0.01178727385859073
ul_total_bytes_non_incr > 0.33,0.0020839365680603576
-0.09 < dl_total_bytes_non_incr <= 0.45,-0.0005379215236567269
