Feature,Contribution
cell_x_dl_tx <= -0.51,0.030710956223465632
dl_bitrate <= -0.60,-0.013167516887587914
-0.29 < cell_x_ul_retx <= 0.00,-0.009813383609014674
-0.23 < cell_x_ul_tx <= 0.00,-0.0077214146714036985
ul_total_bytes_non_incr <= -0.61,-0.0070005913670485665
ul_bitrate <= -0.39,-0.004466539995988007
cell_x_dl_retx <= -0.45,0.0026961899227952927
dl_total_bytes_non_incr <= -0.59,0.0024665254848987702
