Feature,Contribution
cell_x_dl_tx > 0.48,-0.021942375386392134
ul_bitrate > 0.04,0.018661182254210804
dl_bitrate <= -0.60,-0.011619082557576106
cell_x_ul_retx <= -0.29,-0.008446336029311892
ul_total_bytes_non_incr <= -0.61,-0.008205417225708687
cell_x_dl_retx > 0.39,-0.006836836698181193
dl_total_bytes_non_incr <= -0.59,0.005406263630056879
cell_x_ul_tx <= -0.23,0.003259863736798408
