Feature,Contribution
-0.60 < dl_bitrate <= -0.09,-0.026503575163161888
-0.29 < cell_x_ul_retx <= 0.00,-0.013910136963388853
0.00 < cell_x_ul_tx <= 0.17,-0.013611874966613185
-0.51 < cell_x_dl_tx <= -0.00,0.009166238229632457
-0.45 < cell_x_dl_retx <= -0.07,0.005416884753205207
-0.11 < ul_bitrate <= 0.04,-0.000447815198572653
-0.11 < ul_total_bytes_non_incr <= 0.33,0.00033841668724098235
-0.59 < dl_total_bytes_non_incr <= -0.09,0.0001326865008848745
