Feature,Contribution
cell_x_dl_tx > 0.48,-0.01658205882497977
ul_bitrate > 0.04,0.015564967363874874
dl_bitrate <= -0.60,-0.013067031379513287
cell_x_dl_retx > 0.39,-0.00915865739370197
-0.29 < cell_x_ul_retx <= 0.00,-0.0049378955100755845
0.00 < cell_x_ul_tx <= 0.17,-0.0033217729156006636
dl_total_bytes_non_incr <= -0.59,-0.0016810775342238928
ul_total_bytes_non_incr <= -0.61,0.0006768925550793063
